{
  "math": {
    "task": "math",
    "n": 40,
    "exact_match": 0.025
  },
  "logic": {
    "task": "logic",
    "n": 40,
    "accuracy": 0.225
  },
  "code": {
    "task": "code",
    "n": 40,
    "codebleu": 0.26474250803233934,
    "codebleu_official": false
  },
  "routing": {
    "modalities": [
      "language",
      "code",
      "logic",
      "math"
    ],
    "expert_load_matrix": [
      [
        0.15615692734718323,
        0.11691131442785263,
        0.129048153758049,
        0.11363067477941513,
        0.09404754638671875,
        0.137664794921875,
        0.1115264892578125,
        0.14101409912109375
      ],
      [
        0.11712189018726349,
        0.09084167331457138,
        0.14524535834789276,
        0.14286956191062927,
        0.121337890625,
        0.159068301320076,
        0.12860412895679474,
        0.09491119533777237
      ],
      [
        0.13079579174518585,
        0.06399437040090561,
        0.10193949937820435,
        0.17376454174518585,
        0.12499091774225235,
        0.13617824018001556,
        0.09217387437820435,
        0.17616279423236847
      ],
      [
        0.17916518449783325,
        0.09801339358091354,
        0.15082143247127533,
        0.15450893342494965,
        0.08935268223285675,
        0.15222321450710297,
        0.07764732092618942,
        0.09826786071062088
      ]
    ],
    "gate_entropy": {
      "language": 1.6775306463241577,
      "code": 1.625901460647583,
      "logic": 1.7127965688705444,
      "math": 1.6755136251449585
    },
    "specialization_score": 0.1966457162052393,
    "n_experts": 8,
    "top_k": 2
  }
}